GEOID,sovi,rank,state_id
g06001,-2.4562978755855394,48.0,g06
g06003,-4.709126226507401,58.0,g06
g06005,0.5359477799221195,20.0,g06
g06007,-0.1346692988939711,26.0,g06
g06009,-3.1315418280304077,52.0,g06
g06011,5.311959412369458,3.0,g06
g06013,-3.2474738397074048,53.0,g06
g06015,2.843015802944672,10.0,g06
g06017,-4.26748214956829,56.0,g06
g06019,1.6987533636588579,16.0,g06
g06021,2.7412349745103857,11.0,g06
g06023,-1.67012756752329,44.0,g06
g06025,3.844378089537233,6.0,g06
g06027,-0.6629368780438247,31.0,g06
g06029,2.4407951887031394,12.0,g06
g06031,5.500011464507814,1.0,g06
g06033,0.8243768051189513,19.0,g06
g06035,4.63161974530493,5.0,g06
g06037,0.21638845932439582,23.0,g06
g06039,3.8315142000185705,7.0,g06
g06041,-1.4792090666045175,42.0,g06
g06043,-0.08858299401474268,25.0,g06
g06045,0.29892050259091696,22.0,g06
g06047,2.3938121674985613,13.0,g06
g06049,5.174921857341383,4.0,g06
g06051,-4.295685020893934,57.0,g06
g06053,3.2859791405432426,9.0,g06
g06055,1.7300163654480731,15.0,g06
g06057,-2.768976127555999,50.0,g06
g06059,-0.7841843406010502,32.0,g06
g06061,-4.057573814339594,55.0,g06
g06063,-0.9346881085281331,34.0,g06
g06065,-1.7800025388490024,45.0,g06
g06067,-2.899573725867777,51.0,g06
g06069,-0.01624985644799093,24.0,g06
g06071,-2.584778782866627,49.0,g06
g06073,-1.565384204628247,43.0,g06
g06075,5.425293247241406,2.0,g06
g06077,-0.7921730194358707,33.0,g06
g06079,-0.2619894691485402,29.0,g06
g06081,-1.2783918968941979,40.0,g06
g06083,1.9975267758113602,14.0,g06
g06085,-1.2489458278497814,39.0,g06
g06087,-0.2804166998720963,30.0,g06
g06089,-1.0750778942611399,36.0,g06
g06091,-1.9082226572190382,47.0,g06
g06093,-0.17318864869602713,27.0,g06
g06095,-3.711348404349994,54.0,g06
g06097,-1.1325307843784587,37.0,g06
g06099,0.4984146001620141,21.0,g06
g06101,0.8972840222962232,18.0,g06
g06103,1.239684862437407,17.0,g06
g06105,-1.4052232534644284,41.0,g06
g06107,3.632639679165271,8.0,g06
g06109,-0.20217909759700828,28.0,g06
g06111,-1.2385066277004935,38.0,g06
g06113,-1.8129337309400069,46.0,g06
g06115,-0.9388162495915119,35.0,g06
g13001,1.9984989711226688,27.0,g13
g13003,4.206944312486451,10.0,g13
g13005,0.9914976080209865,59.0,g13
g13007,3.2540980950180867,15.0,g13
g13009,0.030217976895013376,81.0,g13
g13011,-0.2862420946027704,90.0,g13
g13013,-2.4359871694113076,130.0,g13
g13015,-3.0441965044706434,140.0,g13
g13017,1.4045387767240776,40.0,g13
g13019,1.3124291253206541,44.0,g13
g13021,-0.8582146352234341,103.0,g13
g13023,-0.5413036587866329,95.0,g13
g13025,-0.48169054131596784,94.0,g13
g13027,2.0356945853775694,26.0,g13
g13029,-4.409649260673079,151.0,g13
g13031,-2.8695610217022782,137.0,g13
g13033,-0.3953109440920384,92.0,g13
g13035,-0.9022222494085684,105.0,g13
g13037,8.4824902605639,1.0,g13
g13039,-4.851624645795552,156.0,g13
g13043,1.8588749111398686,30.0,g13
g13045,-2.7056165475738423,133.0,g13
g13047,-3.663927942497014,146.0,g13
g13049,1.2647900648301718,46.0,g13
g13051,-1.895791601893805,121.0,g13
g13053,-7.384389858153989,159.0,g13
g13055,0.9865671331320892,60.0,g13
g13057,-3.70543579262038,147.0,g13
g13059,-0.00015080348265061883,83.0,g13
g13061,6.8254166143750075,3.0,g13
g13063,-0.8915743242581581,104.0,g13
g13065,0.7102945439174366,69.0,g13
g13067,-0.6871729417692226,97.0,g13
g13069,0.8769025404669718,61.0,g13
g13071,2.78746523173629,18.0,g13
g13073,-3.226206557390492,143.0,g13
g13075,-0.15540990559000922,88.0,g13
g13077,-2.9780270217246514,138.0,g13
g13079,-3.1408271716718312,141.0,g13
g13081,0.1256439057681018,80.0,g13
g13083,-2.1211043043314026,125.0,g13
g13085,-2.32232577430034,129.0,g13
g13087,0.29666606575478793,76.0,g13
g13089,0.6599082631699944,70.0,g13
g13091,1.1071408703916923,52.0,g13
g13093,3.5464170334111556,13.0,g13
g13095,-1.419018281901622,114.0,g13
g13097,-4.128428889872511,149.0,g13
g13099,1.711377401715447,34.0,g13
g13101,5.336142502483219,6.0,g13
g13103,-5.38676821489663,157.0,g13
g13105,0.2418464519541259,78.0,g13
g13107,1.0119426670022407,58.0,g13
g13109,1.253480030568174,47.0,g13
g13111,-0.782339929536751,99.0,g13
g13113,-2.4499400745965225,131.0,g13
g13115,-0.24355940239202611,89.0,g13
g13117,-1.9030744257014263,122.0,g13
g13119,0.8558223769203729,62.0,g13
g13121,1.2027109717000029,49.0,g13
g13123,1.843101625302349,32.0,g13
g13125,2.636926011127342,21.0,g13
g13127,-0.9369889126645142,107.0,g13
g13129,-0.094090196964765,86.0,g13
g13131,0.7272010645994533,68.0,g13
g13133,2.658267168677068,20.0,g13
g13135,0.7895147813225241,66.0,g13
g13137,0.27953964389371166,77.0,g13
g13139,1.3696525680222462,42.0,g13
g13141,4.516448036460608,9.0,g13
g13143,-1.0540853019348226,110.0,g13
g13145,-3.2875868852025767,144.0,g13
g13147,1.042741507995333,56.0,g13
g13149,-0.9389795315027989,108.0,g13
g13151,-4.493352827064978,153.0,g13
g13153,-2.789680065920225,136.0,g13
g13155,1.2430760832222563,48.0,g13
g13157,-1.942311024256246,123.0,g13
g13159,-2.4702657296012114,132.0,g13
g13161,0.8261066391701032,65.0,g13
g13163,1.1007317136150858,53.0,g13
g13165,1.7947735061739358,33.0,g13
g13167,2.914400167330366,17.0,g13
g13169,-2.7693547125531373,135.0,g13
g13171,-1.7187578882517696,117.0,g13
g13173,-0.8538883744994851,101.0,g13
g13175,-0.1222752041660281,87.0,g13
g13177,-3.853515921955813,148.0,g13
g13179,-4.433820454301727,152.0,g13
g13181,0.8459706917850078,64.0,g13
g13183,-4.340930166013165,150.0,g13
g13185,-3.029867433732337,139.0,g13
g13187,-3.5400499476526037,145.0,g13
g13189,-0.8119919343952048,100.0,g13
g13191,-1.8401860001741346,120.0,g13
g13193,3.264443114498947,14.0,g13
g13195,-1.5035190132035021,116.0,g13
g13197,3.204383972571905,16.0,g13
g13199,-0.9369105637065045,106.0,g13
g13201,2.1775636719667384,23.0,g13
g13205,2.1234198427033686,25.0,g13
g13207,-1.5032641167337206,115.0,g13
g13209,1.3776497877756264,41.0,g13
g13211,-1.1169474875899064,111.0,g13
g13213,-0.31693781322020675,91.0,g13
g13215,-1.719494191018378,118.0,g13
g13217,-4.810467218550362,155.0,g13
g13219,-2.163073754970564,126.0,g13
g13221,-0.7792764427455836,98.0,g13
g13223,-5.698626691904426,158.0,g13
g13225,0.02011191256192113,82.0,g13
g13227,-1.724605676744007,119.0,g13
g13229,0.48325125349663045,72.0,g13
g13231,-4.76004060099239,154.0,g13
g13233,0.44072339682879597,73.0,g13
g13235,1.0440898569570698,55.0,g13
g13237,1.0202045234452946,57.0,g13
g13239,0.6445264005917674,71.0,g13
g13241,2.47112690109662,22.0,g13
g13243,4.587608229784824,7.0,g13
g13245,-2.007315513075201,124.0,g13
g13247,-2.7681088914220067,134.0,g13
g13249,-0.05334988120548145,84.0,g13
g13251,0.34012681887169227,75.0,g13
g13253,1.4943557286846656,38.0,g13
g13255,-2.2427711772965666,127.0,g13
g13257,-0.9642595716758653,109.0,g13
g13259,7.176171707926524,2.0,g13
g13261,1.140579286187871,51.0,g13
g13263,0.13586201667799847,79.0,g13
g13265,3.695764373616508,12.0,g13
g13267,3.73508613768404,11.0,g13
g13269,1.4914226402039095,39.0,g13
g13271,6.111128080887578,5.0,g13
g13273,1.9633420329819036,28.0,g13
g13275,0.7584856723662832,67.0,g13
g13277,0.8519419846292038,63.0,g13
g13279,1.8591531467335627,29.0,g13
g13281,1.3670072407566265,43.0,g13
g13283,1.278140945182437,45.0,g13
g13285,-1.275782662181622,113.0,g13
g13287,1.0829367467607791,54.0,g13
g13289,1.6064889322584146,37.0,g13
g13291,1.845799655039717,31.0,g13
g13293,-0.6570851473705224,96.0,g13
g13295,-2.3151065772030295,128.0,g13
g13297,-3.1552080828185685,142.0,g13
g13299,1.141178189544672,50.0,g13
g13301,2.777288282543384,19.0,g13
g13303,1.6434054015352388,35.0,g13
g13305,-0.07962772844792693,85.0,g13
g13307,1.6066890142016739,36.0,g13
g13309,6.614070903039662,4.0,g13
g13311,-1.196493348758784,112.0,g13
g13313,2.1339332775364936,24.0,g13
g13315,4.541451865493224,8.0,g13
g13317,-0.8571308360890262,102.0,g13
g13319,0.38215923521659184,74.0,g13
g13321,-0.4028686881348902,93.0,g13
g16001,0.4839038456452327,24.0,g16
g16003,-0.4727743372972213,30.0,g16
g16005,1.0730191981002877,19.0,g16
g16007,-2.1032200788765487,34.0,g16
g16009,5.1475398095185385,1.0,g16
g16011,1.2008010154678843,16.0,g16
g16013,-6.397037946795438,44.0,g16
g16015,-2.2402514158601163,35.0,g16
g16017,-0.38729566146651434,28.0,g16
g16019,-1.1055024024383402,31.0,g16
g16021,-0.0013060159045819586,26.0,g16
g16023,-0.1388353743810069,27.0,g16
g16025,-1.4166825026962597,33.0,g16
g16027,3.1783978100252246,4.0,g16
g16029,-3.435915849504499,38.0,g16
g16031,1.1768347638013412,17.0,g16
g16033,1.6592029399735018,14.0,g16
g16035,1.1382975549563954,18.0,g16
g16037,-3.1194506463304856,37.0,g16
g16039,3.0231166831705285,5.0,g16
g16041,-5.4397424415110045,42.0,g16
g16043,-5.054223636629748,41.0,g16
g16045,2.730721236575426,7.0,g16
g16047,0.81341414847856,21.0,g16
g16049,2.268316345386717,12.0,g16
g16051,-3.799909019833747,39.0,g16
g16053,2.7439397405659474,6.0,g16
g16055,-0.39352178362467793,29.0,g16
g16057,0.8109869950019895,22.0,g16
g16059,1.2763934146403302,15.0,g16
g16061,2.4543893875761156,10.0,g16
g16063,0.5334753262487314,23.0,g16
g16065,-1.38318671692116,32.0,g16
g16067,0.9966916518976168,20.0,g16
g16069,2.6475358120290466,8.0,g16
g16071,-2.5269021054695786,36.0,g16
g16073,3.764437494219352,2.0,g16
g16075,2.5308518845606573,9.0,g16
g16077,0.2510349646574388,25.0,g16
g16079,2.367067102621229,11.0,g16
g16081,-4.866125303785615,40.0,g16
g16083,1.8739331444306033,13.0,g16
g16085,-5.615777455817444,43.0,g16
g16087,3.753358425595331,3.0,g16
g17001,-1.1297133992783484,73.0,g17
g17003,6.515282791340652,2.0,g17
g17005,-0.47861267770348714,60.0,g17
g17007,-4.003799786355515,95.0,g17
g17009,3.6947855559291414,9.0,g17
g17011,-0.14702064339779441,52.0,g17
g17013,1.3485429536690994,26.0,g17
g17015,0.8659938796962795,33.0,g17
g17017,-0.281868552891146,56.0,g17
g17019,1.8372083950946052,20.0,g17
g17021,0.23808230435340685,46.0,g17
g17023,0.10268847510952896,49.0,g17
g17025,3.085355384745982,13.0,g17
g17027,-2.2164692003658755,89.0,g17
g17029,0.3735489439136581,42.0,g17
g17031,-0.8709062487402437,66.0,g17
g17033,2.9570064474826063,14.0,g17
g17035,-0.18654689425485785,53.0,g17
g17037,-1.8710806247786054,84.0,g17
g17039,-1.687306540531393,80.0,g17
g17041,-1.836176316404031,83.0,g17
g17043,-4.472582298200192,97.0,g17
g17045,0.6126988463753349,38.0,g17
g17047,0.6545834361324318,36.0,g17
g17049,-2.015859600527015,87.0,g17
g17051,1.0663937037790776,29.0,g17
g17053,-0.9482112726591112,69.0,g17
g17055,2.262633828017638,17.0,g17
g17057,0.3616382975217418,43.0,g17
g17059,5.381813944312379,4.0,g17
g17061,0.2055758389750887,48.0,g17
g17063,-3.867126998483455,94.0,g17
g17065,3.463398486441362,11.0,g17
g17067,0.5258591308617495,40.0,g17
g17069,8.078314937616955,1.0,g17
g17071,0.9497522245051216,32.0,g17
g17073,-1.5780533116545599,79.0,g17
g17075,-0.6108997851407818,62.0,g17
g17077,5.878019372073204,3.0,g17
g17079,-0.5442975567090466,61.0,g17
g17081,1.9333645992985817,19.0,g17
g17083,-2.1338364789180355,88.0,g17
g17085,1.3707232469585602,25.0,g17
g17087,3.4490261203581154,12.0,g17
g17089,-5.3416526161321904,99.0,g17
g17091,-1.6906262395242453,81.0,g17
g17093,-7.672562400419671,102.0,g17
g17095,0.7932998443260499,35.0,g17
g17097,-4.8059324791345075,98.0,g17
g17099,-1.4725584444266244,76.0,g17
g17101,4.043827300623634,7.0,g17
g17103,-1.081927876285494,72.0,g17
g17105,-0.6745040562406144,63.0,g17
g17107,0.34679452224408225,44.0,g17
g17109,2.457311039850193,16.0,g17
g17111,-5.702502140629206,101.0,g17
g17113,-1.8073591756287146,82.0,g17
g17115,-0.33059104830262315,58.0,g17
g17117,-1.0680145984224247,71.0,g17
g17119,-1.552551142979251,77.0,g17
g17121,1.1940515363219388,28.0,g17
g17123,-0.6985556405046969,65.0,g17
g17125,1.450966907559469,23.0,g17
g17127,1.0434010309836423,30.0,g17
g17129,-1.9078597428592283,86.0,g17
g17131,-1.5533491744082357,78.0,g17
g17133,-4.445782772208959,96.0,g17
g17135,0.5810066909510727,39.0,g17
g17137,-0.23917223375351415,54.0,g17
g17139,-1.8964758271648805,85.0,g17
g17141,-2.91211620304514,92.0,g17
g17143,0.01380573726031864,50.0,g17
g17145,4.399719470948208,5.0,g17
g17147,-2.700903083694171,91.0,g17
g17149,2.934385306613447,15.0,g17
g17151,3.7599794855224866,8.0,g17
g17153,4.305885152152188,6.0,g17
g17155,0.3001169706759958,45.0,g17
g17157,1.3211904430684653,27.0,g17
g17159,0.400655496408895,41.0,g17
g17161,-0.9498602895490371,70.0,g17
g17163,-0.935605850991568,68.0,g17
g17165,3.5063909692415876,10.0,g17
g17167,-1.3550707046914483,75.0,g17
g17169,1.7055635342653257,22.0,g17
g17171,-0.37110170862963443,59.0,g17
g17173,-0.11044108961103177,51.0,g17
g17175,-0.6796473879612697,64.0,g17
g17177,-0.26592405289692445,55.0,g17
g17179,-2.5983740719256563,90.0,g17
g17181,1.4062765968518498,24.0,g17
g17183,0.6297266723927146,37.0,g17
g17185,0.23581373943019518,47.0,g17
g17187,0.9519018827981542,31.0,g17
g17189,-0.9075245706971296,67.0,g17
g17191,0.8654924236873891,34.0,g17
g17193,1.747110318540697,21.0,g17
g17195,-0.2881229716906246,57.0,g17
g17197,-5.58831221304909,100.0,g17
g17199,1.999067818157046,18.0,g17
g17201,-1.2580859214150237,74.0,g17
g17203,-3.8625961195709824,93.0,g17
g23001,-0.6911132762856519,24.0,g23g33g25
g23003,3.800713415246199,4.0,g23g33g25
g23005,-2.4858937167249544,37.0,g23g33g25
g23007,0.3457857375638361,17.0,g23g33g25
g23009,-1.2623146947435426,29.0,g23g33g25
g23011,-0.21601324934402263,20.0,g23g33g25
g23013,-0.4136750955974628,22.0,g23g33g25
g23015,1.159285813404765,11.0,g23g33g25
g23017,0.9678327473507119,14.0,g23g33g25
g23019,-1.3745640744533045,30.0,g23g33g25
g23021,2.565327116784942,6.0,g23g33g25
g23023,-2.304577455828958,34.0,g23g33g25
g23025,0.9843022008395622,13.0,g23g33g25
g23027,-1.1816819470722053,25.0,g23g33g25
g23029,5.011945450383555,2.0,g23g33g25
g23031,-2.202819465309858,32.0,g23g33g25
g25001,2.3955296958994525,7.0,g23g33g25
g25003,2.3835049224735236,8.0,g23g33g25
g25005,3.96643879176823,3.0,g23g33g25
g25007,1.0011966776549,12.0,g23g33g25
g25009,3.1110561193274737,5.0,g23g33g25
g25011,-0.386870434127983,21.0,g23g33g25
g25013,7.190999137878135,1.0,g23g33g25
g25015,-1.2116826125149442,26.0,g23g33g25
g25017,-1.2163250597956843,27.0,g23g33g25
g25019,-6.728243772286741,40.0,g23g33g25
g25021,0.020700727939413577,19.0,g23g33g25
g25023,0.7931892253075997,16.0,g23g33g25
g25025,2.0087132139781456,9.0,g23g33g25
g25027,0.9509460958321134,15.0,g23g33g25
g29001,1.0995990610105337,39.0,g29
g29003,-3.4495156587629054,102.0,g29
g29005,-1.4884903739801991,81.0,g29
g29007,0.916180643784235,45.0,g29
g29009,0.8293714187934509,50.0,g29
g29011,-0.9775150132902702,74.0,g29
g29013,-1.0815787617611787,75.0,g29
g29015,2.408109020823111,22.0,g29
g29017,-3.4946997128700095,103.0,g29
g29019,-1.1314348432396355,78.0,g29
g29021,0.535371407118868,54.0,g29
g29023,2.3907087793306676,24.0,g29
g29025,-1.9787085392881136,89.0,g29
g29027,-3.0465986930850493,101.0,g29
g29029,1.9502033134273837,29.0,g29
g29031,-0.4034344361465707,67.0,g29
g29033,-1.6175396029950544,84.0,g29
g29035,3.0800672766178723,12.0,g29
g29037,-3.766414731815602,107.0,g29
g29039,1.6911481610354246,30.0,g29
g29041,1.2306121333367974,35.0,g29
g29043,-4.355581583102108,109.0,g29
g29045,-1.693991604970197,85.0,g29
g29047,-2.6127414431160605,96.0,g29
g29049,-2.2632361651572785,94.0,g29
g29051,-1.8042021239096606,86.0,g29
g29053,-1.8243382230460603,87.0,g29
g29055,-0.10554570773315919,63.0,g29
g29057,0.8722606011980902,48.0,g29
g29059,-2.0670111416793606,91.0,g29
g29061,-1.9246666251764872,88.0,g29
g29063,-7.345287446596757,115.0,g29
g29065,-0.20189487610431311,66.0,g29
g29067,-1.1747215186141695,79.0,g29
g29069,4.309969440617115,4.0,g29
g29071,-3.574108758956331,105.0,g29
g29073,1.0007893545028115,42.0,g29
g29075,2.4615285291078592,21.0,g29
g29077,0.5281027603039475,55.0,g29
g29079,1.1986210717167367,36.0,g29
g29081,-0.19590567916597823,65.0,g29
g29083,1.0562903909610337,40.0,g29
g29085,5.712039780426097,3.0,g29
g29087,2.504958979796568,20.0,g29
g29089,-0.1024132307425151,62.0,g29
g29091,0.8589696261244534,49.0,g29
g29093,2.0392729950264084,28.0,g29
g29095,2.5068514983014794,19.0,g29
g29097,2.554215626823996,18.0,g29
g29099,-5.073682547329215,112.0,g29
g29101,-2.2624367866576605,93.0,g29
g29103,1.149094507925089,38.0,g29
g29105,-0.837750366726402,73.0,g29
g29107,-2.4677401488017185,95.0,g29
g29109,1.183405116616614,37.0,g29
g29111,0.4999363208871255,58.0,g29
g29113,-4.828580202741671,111.0,g29
g29115,0.8847152361773469,47.0,g29
g29117,2.6907470952601886,16.0,g29
g29119,3.618917801625464,7.0,g29
g29121,2.2350805018129924,26.0,g29
g29123,0.8029111184295368,51.0,g29
g29125,-1.1283282179329344,77.0,g29
g29127,1.5567593294504127,32.0,g29
g29129,2.7448410095868363,15.0,g29
g29131,0.5120062533268003,56.0,g29
g29133,-0.10700392452707197,64.0,g29
g29135,-2.0687306761788053,92.0,g29
g29137,0.6723208216266754,52.0,g29
g29139,0.5056273898637615,57.0,g29
g29141,2.654416156825957,17.0,g29
g29143,3.5092297157031735,8.0,g29
g29145,1.2310089585190136,34.0,g29
g29147,-0.7104092932596163,72.0,g29
g29149,1.3690633772431178,33.0,g29
g29151,-5.968117148827629,113.0,g29
g29153,1.589578575334809,31.0,g29
g29155,4.0379611556709865,5.0,g29
g29157,-3.011150595046112,100.0,g29
g29159,0.13969678969680877,60.0,g29
g29161,-1.2521619733971237,80.0,g29
g29163,-1.0965839520949194,76.0,g29
g29165,-3.664482017979075,106.0,g29
g29167,-1.4912721993818197,82.0,g29
g29169,-2.6477149723500197,98.0,g29
g29171,0.6041165160907322,53.0,g29
g29173,-2.619233149788748,97.0,g29
g29175,-2.0470232003899795,90.0,g29
g29177,-3.5689188273152266,104.0,g29
g29179,3.0711172099298203,13.0,g29
g29181,2.1671468466810153,27.0,g29
g29183,-6.163823217561671,114.0,g29
g29185,2.8041663396487304,14.0,g29
g29186,-4.61370774903346,110.0,g29
g29187,-1.5000010125430496,83.0,g29
g29189,-0.4476287940779795,68.0,g29
g29195,2.2659199824034966,25.0,g29
g29197,1.0145024443051907,41.0,g29
g29199,-0.5915463609709855,69.0,g29
g29201,0.8869615952236367,46.0,g29
g29203,0.9652185777417551,44.0,g29
g29205,0.9971971431166698,43.0,g29
g29207,-0.6206288684658119,70.0,g29
g29209,3.175061694633999,10.0,g29
g29211,6.215042137365339,2.0,g29
g29213,3.1622820144474986,11.0,g29
g29215,-0.04776794523605954,61.0,g29
g29217,3.455403190417819,9.0,g29
g29219,-2.8136357505084364,99.0,g29
g29221,-0.6290228439341446,71.0,g29
g29223,2.4059106310657468,23.0,g29
g29225,-3.8271939902281056,108.0,g29
g29227,3.7701061272228276,6.0,g29
g29229,0.22880156079998198,59.0,g29
g29510,7.276340115728485,1.0,g29
g33001,0.27266015138857547,18.0,g23g33g25
g33003,-0.4723874978638808,23.0,g23g33g25
g33005,-2.424054826798038,36.0,g23g33g25
g33007,1.3296815657120953,10.0,g23g33g25
g33009,-2.319263127494855,35.0,g23g33g25
g33011,-2.2819366058886246,33.0,g23g33g25
g33013,-1.395712363722973,31.0,g23g33g25
g33015,-4.700845122667123,39.0,g23g33g25
g33017,-3.7328628832827593,38.0,g23g33g25
g33019,-1.2569715249293938,28.0,g23g33g25
g36001,0.8709342940490146,23.0,g36
g36003,-0.4108095814480311,42.0,g36
g36005,6.343853121321162,1.0,g36
g36007,2.049062803295847,15.0,g36
g36009,0.1472747108267578,35.0,g36
g36011,0.16836905329832205,34.0,g36
g36013,2.7548723645499407,10.0,g36
g36015,3.3539661862035417,5.0,g36
g36017,2.1034234625099892,13.0,g36
g36019,-0.9298132193628614,45.0,g36
g36021,3.236026549080454,6.0,g36
g36023,0.18277894404622197,33.0,g36
g36025,3.4765884120544945,4.0,g36
g36027,-2.99917464143854,52.0,g36
g36029,2.0537173360576118,14.0,g36
g36031,1.3792421260922296,17.0,g36
g36033,-5.9901366065518085,61.0,g36
g36035,4.028239277778132,2.0,g36
g36037,0.06965969648437742,38.0,g36
g36039,0.9293853577482456,22.0,g36
g36041,3.012569527368804,7.0,g36
g36043,2.784119387806502,9.0,g36
g36045,-1.4852564672115633,49.0,g36
g36047,1.207197526035784,19.0,g36
g36049,-1.35695046423394,48.0,g36
g36051,-0.3123943841794578,41.0,g36
g36053,-1.32783037224928,47.0,g36
g36055,1.0935741283436675,20.0,g36
g36057,3.836615487976154,3.0,g36
g36059,-4.873088237497623,60.0,g36
g36061,0.7247169068436279,25.0,g36
g36063,1.5963638039547483,16.0,g36
g36065,2.9669060843954957,8.0,g36
g36067,0.6242309790953602,27.0,g36
g36069,0.3464279712437716,32.0,g36
g36071,-4.357263741205859,57.0,g36
g36073,0.8642046668898945,24.0,g36
g36075,-0.6586793117517336,43.0,g36
g36077,2.54608146707327,11.0,g36
g36079,-6.725365390562338,62.0,g36
g36081,-3.003263273554138,53.0,g36
g36083,0.5574590480865882,28.0,g36
g36085,-3.32879455948812,55.0,g36
g36087,-4.120180748293226,56.0,g36
g36089,0.3708931213748851,31.0,g36
g36091,-3.1601862688174025,54.0,g36
g36093,0.7132265278505334,26.0,g36
g36095,-0.8694221934273976,44.0,g36
g36097,0.13252629078672973,36.0,g36
g36099,0.39854260227368243,30.0,g36
g36101,1.0913969531462622,21.0,g36
g36103,-4.84425383723691,59.0,g36
g36105,0.44426092718436255,29.0,g36
g36107,-1.2461041918809388,46.0,g36
g36109,-4.594243480900412,58.0,g36
g36111,0.09243323883823062,37.0,g36
g36113,1.3742764578667859,18.0,g36
g36115,-0.0011927695853087839,40.0,g36
g36117,0.05921883354893914,39.0,g36
g36119,-2.639001597267765,50.0,g36
g36121,-2.928378300415427,51.0,g36
g36123,2.1771480051794097,12.0,g36
g46003,1.118901192566982,19.0,g46
g46005,4.745277640024418,5.0,g46
g46007,2.0312180200970618,12.0,g46
g46009,-1.8781788355681777,49.0,g46
g46011,-0.4625684239094483,37.0,g46
g46013,-0.7694741286318973,42.0,g46
g46015,-0.0072247492160648075,32.0,g46
g46017,0.5622503263636781,25.0,g46
g46019,1.1722499405660216,18.0,g46
g46021,3.0555431474683883,8.0,g46
g46023,-0.047586516246611504,33.0,g46
g46025,-0.37181959138393705,35.0,g46
g46027,0.4543670709368973,26.0,g46
g46029,-1.9199654728520472,50.0,g46
g46031,1.1175438199177707,20.0,g46
g46033,2.242867572391627,11.0,g46
g46035,-2.0148674142691343,51.0,g46
g46037,1.4872714947579015,17.0,g46
g46039,-1.3340801485754663,46.0,g46
g46041,1.8541939824240752,14.0,g46
g46043,-3.187612992412351,62.0,g46
g46045,-2.4404308944889452,58.0,g46
g46047,5.002600133848374,3.0,g46
g46049,-0.9510125608961605,45.0,g46
g46051,-0.4567453033784926,36.0,g46
g46053,0.3980943635610288,27.0,g46
g46055,-2.574332574373478,59.0,g46
g46057,-2.2306966437216253,55.0,g46
g46059,-0.8067808978307003,43.0,g46
g46061,-3.478432488314035,63.0,g46
g46063,-0.9179972286271694,44.0,g46
g46065,-2.2298987987202037,54.0,g46
g46067,-2.2557385694232686,56.0,g46
g46069,1.7619323883822866,16.0,g46
g46071,-0.6816652568813057,38.0,g46
g46073,1.9123746709275524,13.0,g46
g46075,3.0943046861287993,7.0,g46
g46077,-1.4057794424431824,47.0,g46
g46079,-0.1904662996327482,34.0,g46
g46081,0.8236687200816293,24.0,g46
g46083,-5.618322787716643,66.0,g46
g46085,0.17083562680828757,30.0,g46
g46087,-3.500352073553041,64.0,g46
g46089,0.8356915485563555,22.0,g46
g46091,1.7710562167439527,15.0,g46
g46093,-0.7008879092859996,39.0,g46
g46095,2.4433064234987447,10.0,g46
g46097,-2.2692775176015862,57.0,g46
g46099,3.612022221523248,6.0,g46
g46101,-2.845876487333715,61.0,g46
g46103,0.32396815303622695,29.0,g46
g46105,-0.7424316443769563,40.0,g46
g46107,4.868725724966449,4.0,g46
g46109,0.8336253575181944,23.0,g46
g46111,-0.7639770072949418,41.0,g46
g46113,6.085098315939419,1.0,g46
g46115,-1.7198575126329778,48.0,g46
g46117,-2.212984453086453,52.0,g46
g46119,-2.5817742356206317,60.0,g46
g46121,3.0038970543561465,9.0,g46
g46123,0.9225152701853117,21.0,g46
g46125,-2.2158593702939102,53.0,g46
g46127,-5.429076901619864,65.0,g46
g46129,0.3975637856769055,28.0,g46
g46135,0.03827522423956353,31.0,g46
g46137,5.0727930387196505,2.0,g46
g48001,3.0728557689750278,32.0,g48
g48003,-3.4850802732985997,226.0,g48
g48005,0.7031299184090755,102.0,g48
g48007,0.24249694927866405,125.0,g48
g48009,-3.4709621339117467,224.0,g48
g48011,-0.39969968304959225,152.0,g48
g48013,-2.2899139455708126,209.0,g48
g48015,-2.37244323434653,210.0,g48
g48017,-0.1071989253495299,135.0,g48
g48019,-2.7657291746916117,217.0,g48
g48021,-3.654202877513288,227.0,g48
g48023,1.064442979944235,88.0,g48
g48025,4.360087105111722,7.0,g48
g48027,0.2875413041520852,118.0,g48
g48029,1.089658983747075,85.0,g48
g48031,-2.854997956873202,218.0,g48
g48033,-6.407733613543676,251.0,g48
g48035,0.44152458248391696,108.0,g48
g48037,2.109737657856575,54.0,g48
g48039,-2.99133583278313,220.0,g48
g48041,0.25214384509988075,122.0,g48
g48043,-1.8710807162931686,198.0,g48
g48045,1.0759256351421445,86.0,g48
g48047,8.374642695031827,1.0,g48
g48049,0.4430357843726671,107.0,g48
g48051,-0.8249291524696638,170.0,g48
g48053,-1.4596266869128107,188.0,g48
g48055,-0.29461929399365916,148.0,g48
g48057,-1.0267591213275784,177.0,g48
g48059,-2.2400235767382153,208.0,g48
g48061,2.141523238876181,52.0,g48
g48063,1.216637151218205,74.0,g48
g48065,-3.7410175120009597,229.0,g48
g48067,3.2738523220607085,27.0,g48
g48069,-0.8646297155170153,171.0,g48
g48071,-5.8782201477504366,250.0,g48
g48073,1.9926242228491136,58.0,g48
g48075,2.8711571755807057,36.0,g48
g48077,-2.700568790846652,215.0,g48
g48079,-0.7501795289958055,168.0,g48
g48081,1.052566241849319,90.0,g48
g48083,3.3618682336598313,24.0,g48
g48085,-4.724926349943585,243.0,g48
g48087,2.10064467430551,55.0,g48
g48089,0.3372267546245382,115.0,g48
g48091,-5.019820310766826,247.0,g48
g48093,0.7881160982545049,98.0,g48
g48095,2.7838272235915205,37.0,g48
g48097,-1.789097508396383,195.0,g48
g48099,-0.130070449759012,141.0,g48
g48101,4.322240876874911,8.0,g48
g48103,-2.180462221292134,206.0,g48
g48105,-0.6789193572389068,165.0,g48
g48107,1.727972693244927,64.0,g48
g48109,0.8995357294644533,95.0,g48
g48111,-2.6750108742016114,214.0,g48
g48113,3.3784395927977084,23.0,g48
g48115,2.648085063546834,42.0,g48
g48117,-1.62998434980524,190.0,g48
g48119,0.12713392976635074,132.0,g48
g48121,-4.338863710516582,238.0,g48
g48123,2.4418282012684434,47.0,g48
g48125,3.8610225515300396,16.0,g48
g48127,2.447964712076098,46.0,g48
g48129,0.2564429627777238,121.0,g48
g48131,3.656149641193753,21.0,g48
g48133,1.991576748931065,59.0,g48
g48135,-1.8656366129366415,197.0,g48
g48137,0.26289214939920647,119.0,g48
g48139,-4.061867767616865,233.0,g48
g48141,0.923835151405697,93.0,g48
g48143,-2.1138322098772555,204.0,g48
g48145,4.037485583164833,14.0,g48
g48147,0.2580666701627506,120.0,g48
g48149,-1.4471466309556533,187.0,g48
g48151,-0.053704685275456465,134.0,g48
g48153,1.6663528586219096,65.0,g48
g48155,5.360010694873981,3.0,g48
g48157,-3.477865338085135,225.0,g48
g48159,-0.46670398807159286,156.0,g48
g48161,0.17098565153415157,130.0,g48
g48163,3.244207743790007,29.0,g48
g48165,-4.82316195619593,244.0,g48
g48167,-1.1515332371877185,181.0,g48
g48169,4.046147688712268,13.0,g48
g48171,-2.5556849643110504,211.0,g48
g48173,-7.687952223221311,254.0,g48
g48175,-0.11519436514761106,138.0,g48
g48177,0.43627448791728635,110.0,g48
g48179,-0.4253481623585973,155.0,g48
g48181,-0.27123068730842015,146.0,g48
g48183,1.095428275552698,82.0,g48
g48185,1.507983503912254,68.0,g48
g48187,-4.234158760737025,236.0,g48
g48189,1.1612803549237578,81.0,g48
g48191,3.338738101882249,26.0,g48
g48193,0.41423729074653626,111.0,g48
g48195,-1.9622617026670357,202.0,g48
g48197,3.5181415434804415,22.0,g48
g48199,-2.958440136524558,219.0,g48
g48201,2.1392380456514237,53.0,g48
g48203,-0.10855618670897338,136.0,g48
g48205,-2.2121776451638056,207.0,g48
g48207,1.9765481832283485,60.0,g48
g48209,-4.608670793495712,240.0,g48
g48211,-1.7855958911100633,194.0,g48
g48213,-0.6785394302226311,164.0,g48
g48215,0.599367017793369,104.0,g48
g48217,-0.3370955541750892,151.0,g48
g48219,-1.8851055185346963,199.0,g48
g48221,-3.7239058390056643,228.0,g48
g48223,-0.6086451344489814,162.0,g48
g48225,5.164225400878269,4.0,g48
g48227,3.3461899546811313,25.0,g48
g48229,1.0897464347993764,84.0,g48
g48231,-0.9314305628935765,174.0,g48
g48233,-1.0960370438401732,179.0,g48
g48235,-4.21585024186596,235.0,g48
g48237,-0.12992602391681668,140.0,g48
g48239,-0.9295644705478934,173.0,g48
g48241,1.2117350079735147,75.0,g48
g48243,-0.9325192784737449,175.0,g48
g48245,4.208389584316015,11.0,g48
g48247,1.885132761101243,63.0,g48
g48249,0.9044726517465634,94.0,g48
g48251,-4.152153845902291,234.0,g48
g48253,4.840791306667842,6.0,g48
g48255,3.8427022116496357,17.0,g48
g48257,-3.7706841830640627,230.0,g48
g48259,-6.668159507516212,252.0,g48
g48261,1.556840031333699,66.0,g48
g48263,0.772448193870451,99.0,g48
g48265,-0.5314828005770935,159.0,g48
g48267,0.7274400720645089,100.0,g48
g48269,-3.370508803993758,222.0,g48
g48271,3.0022175315142112,33.0,g48
g48273,2.0029059125190996,57.0,g48
g48275,4.29015474267389,10.0,g48
g48277,1.9214705338445457,62.0,g48
g48279,1.0537609825482046,89.0,g48
g48281,-1.8345238639825214,196.0,g48
g48283,5.088443314922965,5.0,g48
g48285,-0.41183239875175703,153.0,g48
g48287,-1.727229933223138,193.0,g48
g48289,-0.11291751597619482,137.0,g48
g48291,-1.950538582527707,201.0,g48
g48293,1.1820307750753811,80.0,g48
g48295,-2.5924871291097342,213.0,g48
g48297,0.29482433962764776,117.0,g48
g48299,0.3982757923352932,113.0,g48
g48301,1.1897660941810315,79.0,g48
g48303,-0.1502378181164663,142.0,g48
g48305,0.24312641979787747,124.0,g48
g48307,-0.28982973521690214,147.0,g48
g48309,1.238688256403468,73.0,g48
g48311,-0.668009628308415,163.0,g48
g48313,3.7673422378315697,19.0,g48
g48315,3.6678236022362696,20.0,g48
g48317,-2.1649598272672685,205.0,g48
g48319,-1.0243132765965803,176.0,g48
g48321,0.25128935653310325,123.0,g48
g48323,0.5750270381368822,105.0,g48
g48325,-2.0844096826531526,203.0,g48
g48327,2.5774782067496567,43.0,g48
g48329,-4.028481481631716,231.0,g48
g48331,1.2057220516562026,77.0,g48
g48333,0.32334769396999613,116.0,g48
g48335,2.909419204558289,35.0,g48
g48337,-0.5092208047152356,157.0,g48
g48339,-5.005337980042051,246.0,g48
g48341,-1.3837712405799503,186.0,g48
g48343,3.7701942175455994,18.0,g48
g48345,0.6982433006870955,103.0,g48
g48347,1.4815993508783005,69.0,g48
g48349,0.7199576052919734,101.0,g48
g48351,0.9470318918527634,92.0,g48
g48353,2.1800986641374136,50.0,g48
g48355,0.840022580526393,96.0,g48
g48357,-2.7503987273391357,216.0,g48
g48359,-0.22782817621087537,145.0,g48
g48361,-1.1871138817652551,182.0,g48
g48363,-0.5236670078112666,158.0,g48
g48365,-0.7548961637947653,169.0,g48
g48367,-5.073500290260252,248.0,g48
g48369,-1.8882861008538876,200.0,g48
g48371,1.093262314400887,83.0,g48
g48373,2.727394535132757,40.0,g48
g48375,2.502005788657553,44.0,g48
g48377,2.091586907556586,56.0,g48
g48379,-1.1372974445523996,180.0,g48
g48381,-3.3726254870501173,223.0,g48
g48383,-4.40111855009328,239.0,g48
g48385,2.3132158325123164,49.0,g48
g48387,3.2255076132774936,30.0,g48
g48389,3.2651351866830405,28.0,g48
g48391,2.4233412665958394,48.0,g48
g48393,-3.3144898335470128,221.0,g48
g48395,2.932852767593386,34.0,g48
g48397,-6.905591341795324,253.0,g48
g48399,2.6681208126281115,41.0,g48
g48401,0.45916879138738653,106.0,g48
g48403,2.4933067416782233,45.0,g48
g48405,7.634803590419927,2.0,g48
g48407,-0.19158534661132887,144.0,g48
g48409,-0.4164966175831217,154.0,g48
g48411,2.1775575532286737,51.0,g48
g48413,-1.3609510152912958,185.0,g48
g48415,0.811425617202473,97.0,g48
g48417,-1.0336589991850578,178.0,g48
g48419,1.347721320477463,71.0,g48
g48421,-2.5711703976016524,212.0,g48
g48423,-0.5360885201482185,160.0,g48
g48425,-4.036996516564681,232.0,g48
g48427,2.7766193256029688,38.0,g48
g48429,-0.12445753407659033,139.0,g48
g48431,-0.3091513411301059,149.0,g48
g48433,-0.012374824719564526,133.0,g48
g48435,-4.701770845281387,242.0,g48
g48437,1.549318724939191,67.0,g48
g48439,0.4390413786417491,109.0,g48
g48441,0.1777379810328381,129.0,g48
g48443,1.9630219129257696,61.0,g48
g48445,1.0700949263788035,87.0,g48
g48447,0.1878793678396996,128.0,g48
g48449,-0.7278499359468683,166.0,g48
g48451,0.13844525153451503,131.0,g48
g48453,-1.6384113020178115,191.0,g48
g48455,0.40446820562583863,112.0,g48
g48457,2.7737687463088596,39.0,g48
g48459,-1.2826439362021451,184.0,g48
g48461,-0.866771347116066,172.0,g48
g48463,1.3966911176269607,70.0,g48
g48465,0.35529813826863177,114.0,g48
g48467,-1.189948264230137,183.0,g48
g48469,-0.16805859720564675,143.0,g48
g48471,3.9143402691730267,15.0,g48
g48473,-1.7059570161569655,192.0,g48
g48475,1.1935439672612687,78.0,g48
g48477,1.2492283316992085,72.0,g48
g48479,-0.33368360928726015,150.0,g48
g48481,1.2070602365310925,76.0,g48
g48483,-1.5054337466254157,189.0,g48
g48485,1.016245324349387,91.0,g48
g48487,3.1775291651655397,31.0,g48
g48489,4.057134274713313,12.0,g48
g48491,-4.688290382910684,241.0,g48
g48493,-4.874102311309745,245.0,g48
g48495,-0.5995313859457501,161.0,g48
g48497,-5.33677722900066,249.0,g48
g48499,0.19174470960344903,127.0,g48
g48501,-4.261518518098787,237.0,g48
g48503,-0.7348655161083202,167.0,g48
g48505,0.22004987876312043,126.0,g48
g48507,4.300974740525508,9.0,g48
g51001,3.600784365125687,11.0,g51
g51003,-2.135980735648714,104.0,g51
g51005,0.039039553972589736,65.0,g51
g51007,-1.151372835356545,89.0,g51
g51009,-1.506560236899639,96.0,g51
g51011,-0.025124828406381243,69.0,g51
g51013,-0.44812146174722134,80.0,g51
g51015,-1.7546421076291154,98.0,g51
g51017,1.373490136886879,39.0,g51
g51019,-1.9206231341235733,101.0,g51
g51021,0.962044365919202,44.0,g51
g51023,-3.2667750237026993,119.0,g51
g51025,3.8661049752306136,9.0,g51
g51027,6.132732432306144,1.0,g51
g51029,1.8400846225705263,32.0,g51
g51031,-1.2527794768187142,94.0,g51
g51033,-2.5185953178362874,111.0,g51
g51035,2.0928365748832256,29.0,g51
g51036,-3.9767938132542597,130.0,g51
g51037,2.2597419477089775,26.0,g51
g51041,-3.3241867946721393,122.0,g51
g51043,-2.9420760954608856,115.0,g51
g51045,-1.1747897954842448,91.0,g51
g51047,-1.1724352504980309,90.0,g51
g51049,-0.04251393942285431,70.0,g51
g51051,5.905679868126579,2.0,g51
g51053,-0.958046664458134,86.0,g51
g51057,0.21418515697638185,59.0,g51
g51059,-0.1796665301923569,73.0,g51
g51061,-3.108599771298771,117.0,g51
g51063,0.7162501834700952,50.0,g51
g51065,-3.3884925365855825,123.0,g51
g51067,-0.022309755803527398,68.0,g51
g51069,-2.4155771773295776,108.0,g51
g51071,0.19270229844488318,60.0,g51
g51073,-2.6181010853871602,113.0,g51
g51075,-3.527843564423752,124.0,g51
g51077,2.7271481444892762,23.0,g51
g51079,-1.7970656682432287,99.0,g51
g51081,2.73300852633158,22.0,g51
g51083,1.4036609430815583,38.0,g51
g51085,-4.70274670210716,134.0,g51
g51087,-2.3923195597332554,107.0,g51
g51089,1.187038337987565,40.0,g51
g51091,3.3435668619518024,12.0,g51
g51093,-2.497377648610626,110.0,g51
g51095,-2.4321567963522557,109.0,g51
g51097,-0.0030942499286648883,66.0,g51
g51099,-3.5344806082244613,125.0,g51
g51101,-3.838077203649033,127.0,g51
g51103,1.0689610304017565,42.0,g51
g51105,2.9108045928003836,17.0,g51
g51107,-2.5912126564655806,112.0,g51
g51109,-1.692115775761569,97.0,g51
g51111,3.299410084188599,14.0,g51
g51113,-0.6325911218731013,83.0,g51
g51115,-0.2600735088119086,75.0,g51
g51117,3.337501580367828,13.0,g51
g51119,0.7040499856346096,51.0,g51
g51121,-1.928503715245593,102.0,g51
g51125,0.7332049308367603,49.0,g51
g51127,-4.321096874200174,133.0,g51
g51131,5.016575922822182,4.0,g51
g51133,1.674669859748903,33.0,g51
g51135,2.6352438440352355,24.0,g51
g51137,-1.082027538468465,88.0,g51
g51139,0.4812689015942314,54.0,g51
g51141,2.242504377510571,27.0,g51
g51143,0.26444693515817896,57.0,g51
g51145,-3.5491860947109206,126.0,g51
g51147,0.8775087916367699,47.0,g51
g51149,-3.068427446906406,116.0,g51
g51153,-0.7644455267843281,84.0,g51
g51155,0.06993067471984382,62.0,g51
g51157,-0.6242548415535323,82.0,g51
g51159,2.739309615581429,21.0,g51
g51161,-3.2729167792984306,120.0,g51
g51163,0.2984397618499838,55.0,g51
g51165,-0.2619145616116137,76.0,g51
g51167,3.2514771709649155,15.0,g51
g51169,2.865514667057961,19.0,g51
g51171,0.05147066857720639,64.0,g51
g51173,1.6059175098480796,35.0,g51
g51175,0.9063454311754682,46.0,g51
g51177,-2.8314376245918416,114.0,g51
g51179,-3.938862593354926,128.0,g51
g51181,0.13638259830025978,61.0,g51
g51183,4.110200528385711,6.0,g51
g51185,2.225447188350933,28.0,g51
g51187,-2.3622798529734554,105.0,g51
g51191,-0.6047840003457453,81.0,g51
g51193,2.3686490007254752,25.0,g51
g51195,3.859628281208863,10.0,g51
g51197,0.6873231803095872,52.0,g51
g51199,-4.148453541327635,132.0,g51
g51510,0.5937932060267126,53.0,g51
g51515,0.05423326562225428,63.0,g51
g51520,1.0231092940239757,43.0,g51
g51530,-0.009686781661983002,67.0,g51
g51540,0.284445203207655,56.0,g51
g51550,-3.9477355596557553,129.0,g51
g51570,-0.9753315466520194,87.0,g51
g51580,0.7439221217181325,48.0,g51
g51590,2.056677789868277,30.0,g51
g51595,4.015501298592774,8.0,g51
g51600,-0.4056383410428285,79.0,g51
g51610,-2.3722672803620424,106.0,g51
g51620,1.620728029260671,34.0,g51
g51630,-0.30336638502417923,77.0,g51
g51640,4.516719345452842,5.0,g51
g51650,-1.9817029057185482,103.0,g51
g51660,2.8358917310888674,20.0,g51
g51670,1.0911790515936555,41.0,g51
g51678,1.9621116196949262,31.0,g51
g51680,-0.1484752555838732,72.0,g51
g51683,4.070376059535201,7.0,g51
g51685,5.493455301577234,3.0,g51
g51690,1.5597075831512595,36.0,g51
g51700,-1.3591870882836439,95.0,g51
g51710,-0.36279061950276503,78.0,g51
g51720,0.2530080956011693,58.0,g51
g51730,2.884615676444049,18.0,g51
g51735,-4.022533998879393,131.0,g51
g51740,-1.2053235213676985,92.0,g51
g51750,-0.06920075286961347,71.0,g51
g51760,1.487040740173387,37.0,g51
g51770,0.9165992367265299,45.0,g51
g51775,-1.837121165723059,100.0,g51
g51790,-0.7733417833025238,85.0,g51
g51800,-3.3155239900387734,121.0,g51
g51810,-3.1548951373675216,118.0,g51
g51820,-0.23380271012404497,74.0,g51
g51830,-1.230282027328497,93.0,g51
g51840,3.196716215448097,16.0,g51
